Location Link,State,City
AL - Birmingham Whole Foods Market,AL , Birmingham 
AR - Little Rock Whole Foods Market,AR , Little Rock 
AZ - Chandler Whole Foods Market,AZ , Chandler 
AZ - Phoenix Whole Foods Market,AZ , Phoenix 
AZ - Phoenix Whole Foods Market,AZ , Phoenix 
AZ - Scottsdale Whole Foods Market,AZ , Scottsdale 
AZ - Tempe Whole Foods Market,AZ , Tempe 
AZ - Tucson Whole Foods Market,AZ , Tucson 
AZ - Tucson Whole Foods Market,AZ , Tucson 
AZ - Tucson Whole Foods Market,AZ , Tucson 
BC - Vancouver Whole Foods Market,BC , Vancouver 
BC - Vancouver Whole Foods Market,BC , Vancouver 
BC - Vancouver Whole Foods Market,BC , Vancouver 
BC - West Vancouver Whole Foods Market,BC ,Vancouver
CA - Berkeley Whole Foods Market,CA , Berkeley 
CA - Beverly Hills Whole Foods Market,CA , Beverly Hills 
CA - Campbell Whole Foods Market,CA , Campbell 
CA - Capitola Whole Foods Market,CA , Capitola 
CA - Cupertino Whole Foods Market,CA , Cupertino 
CA - Davis Whole Foods Market,CA , Davis 
CA - El Segundo Whole Foods Market,CA , El Segundo 
CA - Encinitas Whole Foods Market,CA , Encinitas 
CA - Folsom Whole Foods Market,CA , Folsom 
CA - Fresno Whole Foods Market,CA , Fresno 
CA - Glendale Whole Foods Market,CA , Glendale 
CA - Huntington Beach Whole Foods Market,CA , Huntington Beach 
CA - La Jolla Whole Foods Market,CA , La Jolla 
CA - Lafayette Whole Foods Market,CA , Lafayette 
CA - Laguna Beach Whole Foods Market,CA , Laguna Beach 
CA - Laguna Niguel Whole Foods Market,CA , Laguna Niguel 
CA - Long Beach Whole Foods Market,CA , Long Beach 
CA - Los Altos Whole Foods Market,CA , Los Altos 
CA - Los Angeles Whole Foods Market,CA , Los Angeles 
CA - Los Angeles Whole Foods Market,CA , Los Angeles 
CA - Los Gatos Whole Foods Market,CA , Los Gatos 
CA - Mill Valley Whole Foods Market,CA , Mill Valley 
CA - Mill Valley Whole Foods Market,CA , Mill Valley 
CA - Monterey Whole Foods Market,CA , Monterey 
CA - Napa Whole Foods Market,CA , Napa 
CA - Newport Beach Whole Foods Market,CA , Newport Beach 
CA - Northridge Whole Foods Market,CA , Northridge 
CA - Novato Whole Foods Market,CA , Novato 
CA - Oakland Whole Foods Market,CA , Oakland 
CA - Palo Alto Whole Foods Market,CA , Palo Alto 
CA - Pasadena Whole Foods Market,CA , Pasadena 
CA - Pasadena Whole Foods Market,CA , Pasadena 
CA - Petaluma Whole Foods Market,CA , Petaluma 
CA - Redondo Beach Whole Foods Market,CA , Redondo Beach 
CA - Redwood City Whole Foods Market,CA , Redwood City 
CA - Roseville Whole Foods Market,CA , Roseville 
CA - Sacramento Whole Foods Market,CA , Sacramento 
CA - San Diego Whole Foods Market,CA , San Diego 
CA - San Francisco Whole Foods Market,CA , San Francisco 
CA - San Francisco Whole Foods Market,CA , San Francisco 
CA - San Francisco Whole Foods Market,CA , San Francisco 
CA - San Francisco Whole Foods Market,CA , San Francisco 
CA - San Francisco Whole Foods Market,CA , San Francisco 
CA - San Francisco Whole Foods Market,CA , San Francisco 
CA - San Jose Whole Foods Market,CA , San Jose 
CA - San Mateo Whole Foods Market,CA , San Mateo 
CA - San Rafael Whole Foods Market,CA , San Rafael 
CA - San Ramon Whole Foods Market,CA , San Ramon 
CA - Santa Barbara Whole Foods Market,CA , Santa Barbara 
CA - Santa Clarita Whole Foods Market,CA , Santa Clarita 
CA - Santa Cruz Whole Foods Market,CA , Santa Cruz 
CA - Santa Monica Whole Foods Market,CA , Santa Monica 
CA - Santa Monica Whole Foods Market,CA , Santa Monica 
CA - Santa Monica Whole Foods Market,CA , Santa Monica 
CA - Santa Rosa Whole Foods Market,CA , Santa Rosa 
CA - Santa Rosa Whole Foods Market,CA , Santa Rosa 
CA - Sebastopol Whole Foods Market,CA , Sebastopol 
CA - Sherman Oaks Whole Foods Market,CA , Sherman Oaks 
CA - Sherman Oaks Whole Foods Market,CA , Sherman Oaks 
CA - Sonoma Whole Foods Market,CA , Sonoma 
CA - Tarzana Whole Foods Market,CA , Tarzana 
CA - Thousand Oaks Whole Foods Market,CA , Thousand Oaks 
CA - Torrance Whole Foods Market,CA , Torrance 
CA - Tustin Whole Foods Market,CA , Tustin 
CA - Venice Whole Foods Market,CA , Venice 
CA - Walnut Creek Whole Foods Market,CA ,Walnut Creek
CA - West Hollywood Whole Foods Market,CA ,West Hollywood
CA - West Los Angeles Whole Foods Market,CA ,West Los Angeles
CA - Westwood Whole Foods Market,CA ,Westwood
CA - Woodland Hills Whole Foods Market,CA ,Woodland
CO - Basalt Whole Foods Market,CO , Basalt 
CO - Boulder Whole Foods Market,CO , Boulder 
CO - Boulder Whole Foods Market,CO , Boulder 
CO - Boulder Whole Foods Market,CO , Boulder 
CO - Centennial Whole Foods Market,CO , Centennial 
CO - Colorado Springs Whole Foods Market,CO , Colorado Springs 
CO - Colorado Springs Whole Foods Market,CO , Colorado Springs 
CO - Denver Whole Foods Market,CO , Denver 
CO - Denver Whole Foods Market,CO , Denver 
CO - Denver Whole Foods Market,CO , Denver 
CO - Denver Whole Foods Market,CO , Denver 
CO - Fort Collins Whole Foods Market,CO , Fort Collins 
CO - Glendale Whole Foods Market,CO , Glendale 
CO - Golden Whole Foods Market,CO , Golden 
CO - Highlands Ranch Whole Foods Market,CO , Highlands Ranch 
CO - Lakewood Whole Foods Market,CO , Lakewood 
CO - Superior Whole Foods Market,CO , Superior 
CO - Westminster Whole Foods Market,CO ,Westminster
CT - Darien Whole Foods Market,CT , Darien 
CT - Fairfield Whole Foods Market,CT , Fairfield 
CT - Glastonbury Whole Foods Market,CT , Glastonbury 
CT - Greenwich Whole Foods Market,CT , Greenwich 
CT - Milford Whole Foods Market,CT , Milford 
CT - West Hartford Whole Foods Market,CT ,West Hartford
CT - West Hartford Whole Foods Market,CT ,West Hartford
CT - Westport Whole Foods Market,CT ,Westport
DC - Washington Whole Foods Market,DC ,Washington DC
DC - Washington Whole Foods Market,DC ,Washington DC
DC - Washington Whole Foods Market,DC ,Washington DC
DC - Washington Whole Foods Market,DC ,Washington DC
FL - Aventura Whole Foods Market,FL , Aventura 
FL - Boca Raton Whole Foods Market,FL , Boca Raton 
FL - Coral Gables Whole Foods Market,FL , Coral Gables 
FL - Coral Springs Whole Foods Market,FL , Coral Springs 
FL - Ft. Lauderdale Whole Foods Market,FL , Ft. Lauderdale 
FL - Jacksonville Whole Foods Market,FL , Jacksonville 
FL - Miami Beach Whole Foods Market,FL , Miami Beach 
FL - Naples Whole Foods Market,FL , Naples 
FL - Orlando Whole Foods Market,FL , Orlando 
FL - Palm Beach Gardens Whole Foods Market,FL , Palm Beach Gardens 
FL - Pembroke Pines Whole Foods Market,FL , Pembroke Pines 
FL - Pinecrest Whole Foods Market,FL , Pinecrest 
FL - Plantation Whole Foods Market,FL , Plantation 
FL - Sarasota Whole Foods Market,FL , Sarasota 
FL - Tampa Whole Foods Market,FL , Tampa 
FL - Tampa Whole Foods Market,FL , Tampa 
FL - Wellington Whole Foods Market,FL ,Wellington
FL - Winter Park Whole Foods Market,FL ,Winter Park
GA - Atlanta Whole Foods Market,GA , Atlanta 
GA - Atlanta Whole Foods Market,GA , Atlanta 
GA - Atlanta Whole Foods Market,GA , Atlanta 
GA - Atlanta Whole Foods Market,GA , Atlanta 
GA - Duluth Whole Foods Market,GA , Duluth 
GA - Marietta Whole Foods Market,GA , Marietta 
GA - Marietta Whole Foods Market,GA , Marietta 
GA - Roswell Whole Foods Market,GA , Roswell 
HI - Honolulu Whole Foods Market,HI , Honolulu 
HI - Kahului Whole Foods Market,HI , Kahului 
HI - Kailua Whole Foods Market,HI , Kailua 
IA - West Des Moines Whole Foods Market,IA ,West Des Moines
ID - Boise Whole Foods Market,ID , Boise 
IL - Chicago Whole Foods Market,IL , Chicago 
IL - Chicago Whole Foods Market,IL , Chicago 
IL - Chicago Whole Foods Market,IL , Chicago 
IL - Chicago Whole Foods Market,IL , Chicago 
IL - Chicago Whole Foods Market,IL , Chicago 
IL - Chicago Whole Foods Market,IL , Chicago 
IL - Deerfield Whole Foods Market,IL , Deerfield 
IL - Evanston Whole Foods Market,IL , Evanston 
IL - Evanston Whole Foods Market,IL , Evanston 
IL - Hinsdale Whole Foods Market,IL , Hinsdale 
IL - Naperville Whole Foods Market,IL , Naperville 
IL - Northbrook Whole Foods Market,IL , Northbrook 
IL - Orland Park Whole Foods Market,IL , Orland Park 
IL - Palatine Whole Foods Market,IL , Palatine 
IL - River Forest Whole Foods Market,IL , River Forest 
IL - Schaumburg Whole Foods Market,IL , Schaumburg 
IL - Wheaton Whole Foods Market,IL ,Wheaton
IL - Willowbrook Whole Foods Market,IL ,Willowbrook
IN - Carmel Whole Foods Market,IN , Carmel 
IN - Indianapolis Whole Foods Market,IN , Indianapolis 
KS - Overland Park Whole Foods Market,KS , Overland Park 
KS - Overland Park Whole Foods Market,KS , Overland Park 
KY - Lexington Whole Foods Market,KY , Lexington 
KY - Louisville Whole Foods Market,KY , Louisville 
LA - Baton Rouge Whole Foods Market,LA , Baton Rouge 
LA - Metairie Whole Foods Market,LA , Metairie 
LA - New Orleans Whole Foods Market,LA , New Orleans 
MA - Andover Whole Foods Market,MA , Andover 
MA - Bedford Whole Foods Market,MA , Bedford 
MA - Bellingham Whole Foods Market,MA , Bellingham 
MA - Boston Whole Foods Market,MA , Boston 
MA - Boston Whole Foods Market,MA , Boston 
MA - Brighton Whole Foods Market,MA , Brighton 
MA - Cambridge Whole Foods Market,MA , Cambridge 
MA - Cambridge Whole Foods Market,MA , Cambridge 
MA - Cambridge Whole Foods Market,MA , Cambridge 
MA - Dedham Whole Foods Market,MA , Dedham 
MA - Framingham Whole Foods Market,MA , Framingham 
MA - Hadley Whole Foods Market,MA , Hadley 
MA - Hingham Whole Foods Market,MA , Hingham 
MA - Jamaica Plain Whole Foods Market,MA , Jamaica Plain 
MA - Medford Whole Foods Market,MA , Medford 
MA - Newton Whole Foods Market,MA , Newton 
MA - Newtonville Whole Foods Market,MA , Newtonville 
MA - Swampscott Whole Foods Market,MA , Swampscott 
MA - Wayland Whole Foods Market,MA ,Wayland
MA - Wellesley Hills Whole Foods Market,MA ,Wellesley Hills
MA - Woburn Whole Foods Market,MA ,Woburn
MD - Annapolis Whole Foods Market,MD , Annapolis 
MD - Baltimore Whole Foods Market,MD , Baltimore 
MD - Baltimore Whole Foods Market,MD , Baltimore 
MD - Bethesda Whole Foods Market,MD , Bethesda 
MD - Chevy Chase Whole Foods Market,MD , Chevy Chase 
MD - Gaithersburg Whole Foods Market,MD , Gaithersburg 
MD - Rockville Whole Foods Market,MD , Rockville 
MD - Silver Spring Whole Foods Market,MD , Silver Spring 
ME - Portland Whole Foods Market,ME , Portland 
MI - Ann Arbor Whole Foods Market,MI , Ann Arbor 
MI - Ann Arbor Whole Foods Market,MI , Ann Arbor 
MI - Rochester Hills Whole Foods Market,MI , Rochester Hills 
MI - Troy Whole Foods Market,MI , Troy 
MI - West Bloomfield Whole Foods Market,MI ,West Bloomfield
MN - Edina Whole Foods Market,MN , Edina 
MN - Minneapolis Whole Foods Market,MN , Minneapolis 
MN - Minnetonka Whole Foods Market,MN , Minnetonka 
MN - St. Paul Whole Foods Market,MN , St. Paul 
MO - St Louis Whole Foods Market,MO , St Louis 
MO - Town and Country Whole Foods Market,MO , Town and Country 
NC - Asheville Whole Foods Market,NC , Asheville 
NC - Cary Whole Foods Market,NC , Cary 
NC - Chapel Hill Whole Foods Market,NC , Chapel Hill 
NC - Charlotte Whole Foods Market,NC , Charlotte 
NC - Durham Whole Foods Market,NC , Durham 
NC - Greensboro Whole Foods Market,NC , Greensboro 
NC - Raleigh Whole Foods Market,NC , Raleigh 
NC - Raleigh Whole Foods Market,NC , Raleigh 
NC - Wilmington Whole Foods Market,NC ,Wilmington
NC - Winston-Salem Whole Foods Market,NC ,Winston
NE - Omaha Whole Foods Market,NE , Omaha 
NJ - Closter Whole Foods Market,NJ , Closter 
NJ - Edgewater Whole Foods Market,NJ , Edgewater 
NJ - Madison Whole Foods Market,NJ , Madison 
NJ - Marlton Whole Foods Market,NJ , Marlton 
NJ - Montclair Whole Foods Market,NJ , Montclair 
NJ - Paramus Whole Foods Market,NJ , Paramus 
NJ - Princeton Whole Foods Market,NJ , Princeton 
NJ - Red Bank Whole Foods Market,NJ , Red Bank 
NJ - Ridgewood Whole Foods Market,NJ , Ridgewood 
NJ - Vauxhall Whole Foods Market,NJ , Vauxhall 
NJ - West Orange Whole Foods Market,NJ ,West Orange
NM - Albuquerque Whole Foods Market,NM , Albuquerque 
NM - Albuquerque Whole Foods Market,NM , Albuquerque 
NM - Santa Fe Whole Foods Market,NM , Santa Fe 
NM - Santa Fe Whole Foods Market,NM , Santa Fe 
NV - Henderson Whole Foods Market,NV , Henderson 
NV - Las Vegas Whole Foods Market,NV , Las Vegas 
NV - Las Vegas Whole Foods Market,NV , Las Vegas 
NV - Las Vegas Whole Foods Market,NV , Las Vegas 
NV - Reno Whole Foods Market,NV , Reno 
NY - Jericho Whole Foods Market,NY , Jericho 
NY - Lake Grove Whole Foods Market,NY , Lake Grove 
NY - Manhasset Whole Foods Market,NY , Manhasset 
NY - New York Whole Foods Market,NY , New York 
NY - New York Whole Foods Market,NY , New York 
NY - New York Whole Foods Market,NY , New York 
NY - New York Whole Foods Market,NY , New York 
NY - New York Whole Foods Market,NY , New York 
NY - New York Whole Foods Market,NY , New York 
NY - New York Whole Foods Market,NY , New York 
NY - White Plains Whole Foods Market,NY ,White Plains
NY - Yonkers Whole Foods Market,NY , Yonkers 
OH - Cincinnati Whole Foods Market,OH , Cincinnati 
OH - Columbus Whole Foods Market,OH , Columbus 
OH - Mason Whole Foods Market,OH , Mason 
OH - University Heights Whole Foods Market,OH , University Heights 
OH - Upper Arlington Whole Foods Market,OH , Upper Arlington 
OH - Woodmere Whole Foods Market,OH ,Woodmere
OK - Oklahoma City Whole Foods Market,OK , Oklahoma City 
OK - Tulsa Whole Foods Market,OK , Tulsa 
ON - Markham Whole Foods Market,ON , Markham 
ON - Mississauga Whole Foods Market,ON , Mississauga 
ON - Oakville Whole Foods Market,ON , Oakville 
ON - Toronto Whole Foods Market,ON , Toronto 
OR - Bend Whole Foods Market,OR , Bend 
OR - Hillsboro Whole Foods Market,OR , Hillsboro 
OR - Portland Whole Foods Market,OR , Portland 
OR - Portland Whole Foods Market,OR , Portland 
OR - Portland Whole Foods Market,OR , Portland 
OR - Portland Whole Foods Market,OR , Portland 
OR - Tigard Whole Foods Market,OR , Tigard 
PA - Glen Mills Whole Foods Market,PA , Glen Mills 
PA - Jenkintown Whole Foods Market,PA , Jenkintown 
PA - North Wales Whole Foods Market,PA ,North Wales
PA - Philadelphia Whole Foods Market,PA , Philadelphia 
PA - Philadelphia Whole Foods Market,PA , Philadelphia 
PA - Pittsburgh Whole Foods Market,PA , Pittsburgh 
PA - Plymouth Meeting Whole Foods Market,PA , Plymouth Meeting 
PA - Wayne Whole Foods Market,PA ,Wayne
PA - Wexford Whole Foods Market,PA ,Wexford
PA - Wynnewood Whole Foods Market,PA ,Wynnewood
RI - Cranston Whole Foods Market,RI , Cranston 
RI - Providence Whole Foods Market,RI , Providence 
RI - Providence Whole Foods Market,RI , Providence 
SC - Columbia Whole Foods Market,SC , Columbia 
SC - Greenville Whole Foods Market,SC , Greenville 
SC - Mt. Pleasant Whole Foods Market,SC , Mt. Pleasant 
TN - Chattanooga Whole Foods Market,TN , Chattanooga 
TN - Franklin Whole Foods Market,TN , Franklin 
TN - Memphis Whole Foods Market,TN , Memphis 
TN - Nashville Whole Foods Market,TN , Nashville 
TX - Arlington Whole Foods Market,TX , Arlington 
TX - Austin Whole Foods Market,TX , Austin 
TX - Austin Whole Foods Market,TX , Austin 
TX - Austin Whole Foods Market,TX , Austin 
TX - Bee Cave Whole Foods Market,TX , Bee Cave 
TX - Dallas Whole Foods Market,TX , Dallas 
TX - Dallas Whole Foods Market,TX , Dallas 
TX - Dallas Whole Foods Market,TX , Dallas 
TX - Fairview Whole Foods Market,TX , Fairview 
TX - Highland Park Whole Foods Market,TX , Highland Park 
TX - Houston Whole Foods Market,TX , Houston 
TX - Houston Whole Foods Market,TX , Houston 
TX - Houston Whole Foods Market,TX , Houston 
TX - Houston Whole Foods Market,TX , Houston 
TX - Houston Whole Foods Market,TX , Houston 
TX - Plano Whole Foods Market,TX , Plano 
TX - Richardson Whole Foods Market,TX , Richardson 
TX - San Antonio Whole Foods Market,TX , San Antonio 
TX - San Antonio Whole Foods Market,TX , San Antonio 
TX - Sugar Land Whole Foods Market,TX , Sugar Land 
UT - Cottonwood Heights Whole Foods Market,UT , Cottonwood Heights 
UT - Park City Whole Foods Market,UT , Park City 
UT - Salt Lake City Whole Foods Market,UT , Salt Lake City 
UT - Salt Lake City Whole Foods Market,UT , Salt Lake City 
VA - Alexandria Whole Foods Market,VA , Alexandria 
VA - Arlington Whole Foods Market,VA , Arlington 
VA - Charlottesville Whole Foods Market,VA , Charlottesville 
VA - Fairfax Whole Foods Market,VA , Fairfax 
VA - Falls Church Whole Foods Market,VA , Falls Church 
VA - Glen Allen Whole Foods Market,VA , Glen Allen 
VA - Reston Whole Foods Market,VA , Reston 
VA - Springfield Whole Foods Market,VA , Springfield 
VA - Vienna Whole Foods Market,VA , Vienna 
VA - Virginia Beach Whole Foods Market,VA , Virginia Beach 
WA - Bellevue Whole Foods Market,WA , Bellevue 
WA - Lynnwood Whole Foods Market,WA , Lynnwood 
WA - Redmond Whole Foods Market,WA , Redmond 
WA - Seattle Whole Foods Market,WA , Seattle 
WA - Seattle Whole Foods Market,WA , Seattle 
WA - Seattle Whole Foods Market,WA , Seattle 
WA - Vancouver Whole Foods Market,WA , Vancouver 
WI - Madison Whole Foods Market,WI , Madison 
WI - Milwaukee Whole Foods Market,WI , Milwaukee 
